id;nombre;apellido_paterno;apellido_materno;dni;fecha_nacimiento
1;Tennessee Practical Steel Shirt Plastic;Ergonomic Fresh Chicken;Zimbabwe parse Customer;input Accounts;2019-07-12
2;Ergonomic Falls;User-friendly;Savings Account;SMTP;2019-07-12
3;Fantastic Concrete Computer Baby;Kyrgyz Republic transmit;solution connecting;California PNG engage;2019-07-13
4;Grocery transmit;payment digital;Rubber Industrial seamless;withdrawal Jamaica;2019-07-13
5;array Luxembourg Spurs;empower Home Loan Account SMS;back-end Via indexing;Business-focused Canyon Orchestrator;2019-07-12
6;concept payment;robust;Granite Rubber;enable;2019-07-12
7;Mouse Rupiah;Human Mission;Officer Savings Account Automated;Pants even-keeled Chair;2019-07-13
8;Granite Island;Regional;Bedfordshire;alliance Licensed Plaza;2019-07-12
9;Cambridgeshire;Regional;Home;primary quantify Chips;2019-07-13
10;cultivate Bedfordshire;navigate Kiribati;bypass Games Customer-focused;Bond Markets Units European Composite Unit (EURCO) connecting generate;2019-07-13
